2-Bean Chili Recipe - Allrecipes.com,4.4,7,757
6 Can Chili Recipe - Allrecipes.com,4.0,7,763
All-Bran Simple Way Chili Recipe - Allrecipes.com,3.0,0,69
Alligator Chili Recipe - Allrecipes.com,4.4,9,367
Amateur's Light Breeze Chicken Chili Recipe - Allrecipes.com,4.5,26,1625
Amazing Hawaiian Chicken Chili Recipe - Allrecipes.com,3.8,17,1607
Anytime Chili Recipe - Allrecipes.com,0.0,0,64
Atomic Canuck Chili Recipe - Allrecipes.com,4.3,70,3248
Aush (Afghani Chili) Recipe - Allrecipes.com,4.4,11,370
Authentic Cincinnati Chili Recipe - Allrecipes.com,4.7,52,2518
Award Winning Chili Recipe - Allrecipes.com,4.5,302,11693
Award Winning Chili Con Carne Recipe - Allrecipes.com,4.4,34,2363
Baked Chili Recipe - Allrecipes.com,2.3,2,245
Beef and Bean Pot Recipe - Allrecipes.com,4.3,28,1032
Beefy Beef Chili Recipe - Allrecipes.com,4.2,9,412
Beefy Cowboy Chili Recipe - Allrecipes.com,0.0,0,84
Beezie's Black Bean Soup Recipe - Allrecipes.com,4.1,128,8720
Belly Burner Chili Recipe - Allrecipes.com,4.7,7,464
Best Ever Chuck Wagon Chili Recipe - Allrecipes.com,4.5,49,3150
Best Yet Turkey Chili Recipe - Allrecipes.com,4.4,64,2986
Bewitching Chili Recipe - Allrecipes.com,4.4,6,580
Big Game Day Chili Recipe - Allrecipes.com,4.4,11,674
Black Bean and Chickpea Chili Recipe - Allrecipes.com,4.5,15,850
Black Bean Chili Recipe - Allrecipes.com,4.5,131,7911
Black Bean Chili Recipe - Allrecipes.com,4.4,15,2969
Black Bean, Corn and Turkey Chili Recipe - Allrecipes.com,4.6,177,11950
Boilermaker Tailgate Chili Recipe - Allrecipes.com,4.8,2124,71423
Bold Vegan Chili Recipe - Allrecipes.com,4.1,27,2670
Brown Bean Chowder Recipe - Allrecipes.com,4.3,22,1031
Bry's Chocolate Lamb Chili Recipe - Allrecipes.com,4.4,14,327
Buffalo Chicken Chili Recipe - Allrecipes.com,4.6,74,3225
Bull Riders All Beef Chili Recipe - Allrecipes.com,2.7,8,505
Butternut Squash and Turkey Chili Recipe - Allrecipes.com,4.6,97,7075
Camp Chili Recipe - Allrecipes.com,4.1,19,773
Campbell's(R) Slow Cooker Hearty Beef and Bean Chili Recipe - Allrecipes.com,4.5,50,3817
Carne Guisada I Recipe - Allrecipes.com,4.2,42,2108
Carol's Chicken Chili Recipe - Allrecipes.com,4.4,65,5110
Casablanca Chili Recipe - Allrecipes.com,4.2,40,625
Chad's Slow Cooker Taco Soup Recipe - Allrecipes.com,4.7,25,2684
Cheesy Chili Casserole Recipe - Allrecipes.com,4.0,1,137
Cheesy Taco Chili Recipe - Allrecipes.com,4.5,13,563
Chicken and Black Bean Chili Recipe - Allrecipes.com,4.5,46,2652
Chicken and Corn Chili Recipe - Allrecipes.com,4.5,420,31017
Chicken and Two Bean Chili Recipe - Allrecipes.com,4.2,10,1853
Chicken Chili Recipe - Allrecipes.com,4.3,27,2074
Chicken Chili Recipe - Allrecipes.com,4.5,18,1346
Chicken Chili I Recipe - Allrecipes.com,3.6,10,664
Chicken Chili II Recipe - Allrecipes.com,4.2,37,1361
Chicken Chili Soup Recipe - Allrecipes.com,4.6,69,2929
Chicken Chili Verde Recipe - Allrecipes.com,4.7,3,119
Chili - The Heat is On! Recipe - Allrecipes.com,4.6,8,537
Chili Casserole with Egg Noodles Recipe - Allrecipes.com,3.6,6,669
Chili Cheese Soup Recipe - Allrecipes.com,3.7,3,152
Chili Chicken Stew Recipe - Allrecipes.com,4.5,82,2334
Chili Colorado Recipe - Allrecipes.com,4.4,31,1664
Chili con Carne I Recipe - Allrecipes.com,4.2,22,2346
Chili con Carne II Recipe - Allrecipes.com,4.5,135,5006
Chili con Carne III Recipe - Allrecipes.com,4.1,31,1707
Chili Dogs Recipe - Allrecipes.com,3.3,6,407
Chili For Two Recipe - Allrecipes.com,4.6,20,803
Chili I Recipe - Allrecipes.com,4.6,1030,16762
Chili I Recipe - Allrecipes.com,4.5,104,3295
Chili II Recipe - Allrecipes.com,4.5,20,893
Chili II Recipe - Allrecipes.com,4.6,38,959
Chili III Recipe - Allrecipes.com,4.4,22,840
Chili in a Bread Bowl Recipe - Allrecipes.com,3.8,4,311
Chili IV Recipe - Allrecipes.com,4.0,8,492
Chili Joe's for Kids Recipe - Allrecipes.com,3.7,6,525
Chili Rick's Recipe - Allrecipes.com,4.5,256,6751
Chili Soup Recipe - Allrecipes.com,4.4,14,1011
Chili with Ground Pork Recipe - Allrecipes.com,4.2,8,364
Chili with Pepperoni Recipe - Allrecipes.com,4.0,4,241
Chili With Pulled Beef & Pork for a Crowd Recipe - Allrecipes.com,4.6,14,1655
Chili with Ziti Recipe - Allrecipes.com,3.9,9,514
Chili Without The Beans Recipe - Allrecipes.com,3.9,12,772
Chili-Stuffed Peppers Recipe - Allrecipes.com,4.1,6,421
Chris' Chili Recipe - Allrecipes.com,4.9,8,612
Chuck's Come On Ice Cream (or Night of the Red Death) Chili Recipe - Allrecipes.com,4.5,27,1252
Cincinnati Chili I Recipe - Allrecipes.com,4.4,279,8012
Cincinnati Chili II Recipe - Allrecipes.com,4.1,11,582
Cincinnati Skyline Chili Recipe - Allrecipes.com,3.9,37,1348
Cincinnati-Style Chili Recipe - Allrecipes.com,4.4,47,1660
Classic Chili Recipe - Allrecipes.com,4.3,27,2976
Cold Day Chili Recipe - Allrecipes.com,4.3,23,4218
Colorado Buffalo Chili Recipe - Allrecipes.com,4.5,18,583
Corn Chili Recipe - Allrecipes.com,4.5,12,891
Corn Chip Pie Recipe - Allrecipes.com,4.8,4,367
Cornucopia Chili Recipe - Allrecipes.com,3.9,12,424
Cowboy Stew I Recipe - Allrecipes.com,4.4,45,1595
Daddy's 'If They'da had This at the Alamo we would'ha WON!' Texas Chili Recipe - Allrecipes.com,4.3,43,2618
Dad's Chili Recipe - Allrecipes.com,2.3,2,331
Dakota's Texas Style Chili Recipe - Allrecipes.com,4.5,12,1014
Darn Good Chili Recipe - Allrecipes.com,4.5,73,2680
Darn Good Chili with Beans Recipe - Allrecipes.com,4.0,0,50
DB's Seven Pepper Chili Recipe - Allrecipes.com,4.9,11,720
Debdoozie's Blue Ribbon Chili Recipe - Allrecipes.com,4.8,1169,57711
Delilah's Wicked Twelve Alarm Chili Recipe - Allrecipes.com,3.7,2,155
Diann's Chili Vegetable Soup Recipe - Allrecipes.com,4.7,8,393
Down and Dirty Garlic Chili Recipe - Allrecipes.com,4.1,8,376
Drunk Deer Chili Recipe - Allrecipes.com,4.6,20,714
Easy Chili Recipe - Allrecipes.com,4.4,7,617
Easy Chili I Recipe - Allrecipes.com,4.6,106,3123
Easy Chili II Recipe - Allrecipes.com,3.9,6,791
Easy Chili III Recipe - Allrecipes.com,3.5,2,700
Easy Homemade Chili Recipe - Allrecipes.com,4.2,145,9134
Easy Texas Chili Recipe - Allrecipes.com,4.6,75,3529
Elk Chili Recipe - Allrecipes.com,4.4,37,633
Emily's Chipotle Chili Recipe - Allrecipes.com,4.5,29,1958
Emily's Famous Chili Recipe - Allrecipes.com,4.5,72,3373
Ez's Slow Cooker Hot Chili Recipe - Allrecipes.com,3.7,5,1500
Fairuzah's Chili Recipe - Allrecipes.com,4.7,10,360
Fantastic Black Bean Chili Recipe - Allrecipes.com,4.5,577,24515
Fifteen Minute Chicken Chili Recipe - Allrecipes.com,4.5,53,2836
Five Meat Habanero Chili Recipe - Allrecipes.com,4.7,14,3529
Five-Can Chili Recipe - Allrecipes.com,0.0,0,54
Flatlander Chili Recipe - Allrecipes.com,4.7,1060,32608
Four-Bean Taco Chili Recipe - Allrecipes.com,4.9,4,491
Frank's Spicy Alabama Onion Beer Chili Recipe - Allrecipes.com,4.7,71,2922
Fruit 'n' Nut Chili Recipe - Allrecipes.com,3.7,3,111
Fruity Chili Recipe - Allrecipes.com,4.7,2,121
Fusion Chili Recipe - Allrecipes.com,4.7,67,1878
German Texas Chili Recipe - Allrecipes.com,3.5,2,289
Gramma's Old Fashioned Chili Mac Recipe - Allrecipes.com,4.2,89,3539
Grandma's Chili Recipe - Allrecipes.com,4.4,5,790
Grandma's Slow Cooker Vegetarian Chili Recipe - Allrecipes.com,4.4,435,24924
Green Chile Chicken Stew Recipe - Allrecipes.com,4.3,40,2132
Green Chile Stew with Pork Recipe - Allrecipes.com,4.2,28,1934
Green Chili Stew Recipe - Allrecipes.com,4.5,5,536
Green Chili Stew Recipe - Allrecipes.com,4.5,3,361
Green Enchilada Pork Chili Recipe - Allrecipes.com,4.7,17,898
Guadalajara Soup Recipe - Allrecipes.com,4.7,8,887
Habanero Hellfire Chili Recipe - Allrecipes.com,4.7,148,5369
Ham and Bean Chili Recipe - Allrecipes.com,4.0,2,201
Hawaiian-Style Chili Recipe - Allrecipes.com,4.3,11,486
Hearty Vegan Slow-Cooker Chili Recipe - Allrecipes.com,4.7,8,990
Holy Trinity Chili Recipe - Allrecipes.com,3.4,4,386
Hoosier Chili Recipe - Allrecipes.com,4.6,12,597
Hopi Corn Stew Recipe - Allrecipes.com,4.4,41,6113
Insanely Easy Vegetarian Chili Recipe - Allrecipes.com,4.5,263,7432
Italian Sausage Chili Recipe - Allrecipes.com,4.6,11,794
Italian Style Chili Recipe - Allrecipes.com,4.5,35,1047
It's Chili by George!! Recipe - Allrecipes.com,4.7,1458,47166
Jamaican Me Crazy Chili Recipe - Allrecipes.com,4.4,53,1964
Jammin' Tarheel Chili Recipe - Allrecipes.com,4.4,83,2702
Jen's Hearty Three Meat Chili Recipe - Allrecipes.com,4.1,12,958
Jerk Chicken Chili Recipe - Allrecipes.com,3.0,2,647
Jerre's Black Bean and Pork Tenderloin Slow Cooker Chili Recipe - Allrecipes.com,4.6,162,13883
Jill's Vegetable Chili Recipe - Allrecipes.com,4.0,3,354
Jim Kaczmarek's Chili Recipe - Allrecipes.com,4.5,92,1627
Jimmy Dean Hearty Holiday Chili Recipe - Allrecipes.com,4.0,1,86
John's Chili Recipe - Allrecipes.com,4.2,8,813
Josh's Four-Way Chili Recipe - Allrecipes.com,4.7,14,1124
Justin's Hoosier Daddy Chili Recipe - Allrecipes.com,4.5,172,8164
Karen's First Place Chili Recipe - Allrecipes.com,3.8,9,1504
Kas' Chili Recipe - Allrecipes.com,4.4,4,357
Kelly's Chili Recipe - Allrecipes.com,4.3,6,731
Ken's Texas Chili Recipe - Allrecipes.com,4.4,21,1148
Kickin' Coyote Chili Recipe - Allrecipes.com,3.8,3,64
Kickin' Spicy Turkey Beer Chili Recipe - Allrecipes.com,4.5,5,781
Killer Chili Recipe - Allrecipes.com,4.7,4,827
Laura's Quick Slow Cooker Turkey Chili Recipe - Allrecipes.com,4.6,478,28598
Lauren's Cincinnati Chili Recipe - Allrecipes.com,4.2,16,548
Lentil Chili Recipe - Allrecipes.com,4.5,67,1870
Lentil Chili Recipe - Allrecipes.com,4.4,28,1269
Lentil Chili II Recipe - Allrecipes.com,4.3,63,2532
Lucie's Vegetarian Chili Recipe - Allrecipes.com,4.7,10,711
Main Line Chicken Chili  Recipe - Allrecipes.com,4.7,5,4348
Mama's Chili Recipe - Allrecipes.com,2.8,4,197
Massachusetts Straub Chili Recipe - Allrecipes.com,4.5,11,654
Maverick Moose Chili Recipe - Allrecipes.com,4.2,6,174
Meatiest Vegetarian Chili from your Slow Cooker Recipe - Allrecipes.com,4.5,108,9419
Meaty Thick Man Chili Recipe - Allrecipes.com,4.5,66,3015
Melanie's Chili Recipe - Allrecipes.com,4.4,39,707
Mexican Chocolate Chili Recipe - Allrecipes.com,4.1,21,1938
Mexican Green Chile Stew Recipe - Allrecipes.com,4.0,4,487
Mexican Mole Poblano Inspired Chili Recipe - Allrecipes.com,4.0,1,405
Michelle's Blonde Chicken Chili Recipe - Allrecipes.com,4.5,157,8350
Microwave Classic Chili Recipe - Allrecipes.com,4.7,5,514
Mighty Matt's Kick-Butt Chili Recipe - Allrecipes.com,4.0,3,275
Miner's Chili Recipe - Allrecipes.com,1.9,9,439
Minnesota Golf Course Chili Recipe - Allrecipes.com,4.5,52,12784
Momma OB's Chicken Chili Recipe - Allrecipes.com,4.1,25,1830
Mom's Chili Recipe - Allrecipes.com,4.7,28,1718
Mom's Goulash Recipe - Allrecipes.com,3.5,1,180
Monica's He-Man Chili Recipe - Allrecipes.com,4.4,13,410
Mr. Bill's New Mexico Buffalo Chili Recipe - Allrecipes.com,4.0,1,283
Mulholland's Idaho Chili Recipe - Allrecipes.com,4.5,2,95
My Chili Recipe - Allrecipes.com,4.6,412,12082
Nacho Chili Recipe - Allrecipes.com,4.4,3,548
Nacho Pie Recipe - Allrecipes.com,3.9,13,962
Nicole's Accident Chili Recipe - Allrecipes.com,3.2,8,1348
Nina's Texas Chili Recipe - Allrecipes.com,4.3,5,347
No Beans About It - Chili Recipe - Allrecipes.com,4.4,101,2891
No Tomato Chili Recipe - Allrecipes.com,4.5,24,1023
Not Your Ordinary Chili Recipe - Allrecipes.com,4.3,4,237
Patricia's Green Chile Soup Recipe - Allrecipes.com,4.3,14,589
Peanut Butter Chili Recipe - Allrecipes.com,4.2,31,1031
Peoria Chili Recipe - Allrecipes.com,4.0,1,326
Pinto Bean Chili Recipe - Allrecipes.com,4.3,25,959
Polish Chili Recipe - Allrecipes.com,4.8,9,639
Portobello Mushroom Chili Recipe - Allrecipes.com,3.9,25,2080
Pressure Cooker Chili Recipe - Allrecipes.com,4.4,9,688
Pumpkin Chili Recipe - Allrecipes.com,4.4,152,5853
Pumpkin Turkey Chili Recipe - Allrecipes.com,4.3,612,29040
Quick and Easy Chicken Chili Recipe - Allrecipes.com,4.5,20,1086
Quick and Easy Mexican Beef Chili Recipe - Allrecipes.com,4.6,7,1038
Quick and Spicy Chili Recipe - Allrecipes.com,4.7,30,1186
Quick Chili I Recipe - Allrecipes.com,4.6,124,4164
Quick Chili II Recipe - Allrecipes.com,4.5,34,1708
Quick n Easy Potta Beans Recipe - Allrecipes.com,4.4,8,274
Quick Texas Stew Recipe - Allrecipes.com,4.6,8,274
Quick Zesty Chili Recipe - Allrecipes.com,4.5,4,671
Quinoa and Black Bean Chili Recipe - Allrecipes.com,5.0,6,484
Quinoa Chili Recipe - Allrecipes.com,4.5,2,293
Rae's Vegetarian Chili Recipe - Allrecipes.com,4.3,70,2854
Rainbow Veggie Chili Recipe - Allrecipes.com,4.5,47,5894
Rapid Ragu(R) Chili Recipe - Allrecipes.com,4.6,8,546
Real Texas Chili Recipe - Allrecipes.com,4.2,58,3324
Roasted Green Chile Stew Recipe - Allrecipes.com,4.5,33,1772
Rotisserie Chicken Chili With Hominy & Chiles Recipe - Allrecipes.com,4.3,10,554
Russian Chili Recipe - Allrecipes.com,3.3,4,652
Santa Fe Soup Recipe - Allrecipes.com,4.4,51,3510
Sarah's Spicy Turkey Chili Recipe - Allrecipes.com,4.2,9,1071
Sausage Corn Chili Recipe - Allrecipes.com,4.4,12,332
Sausage-Corn Chili Recipe - Allrecipes.com,0.0,0,35
Secret Ingredient Chili Recipe - Allrecipes.com,5.0,2,349
Sharon's Awesome Chicago Chili Recipe - Allrecipes.com,4.1,32,1793
Shay's Irish Chili Recipe - Allrecipes.com,4.4,9,505
Shortcut Minestrone Recipe - Allrecipes.com,4.7,7,201
Simple Turkey Chili Recipe - Allrecipes.com,4.5,670,35695
Simply Sensational Chili Recipe - Allrecipes.com,5.0,5,827
Skillet Chili Recipe - Allrecipes.com,4.6,29,1819
Skyline Chili I Recipe - Allrecipes.com,4.5,70,2902
Skyline Chili II Recipe - Allrecipes.com,4.2,4,702
Slow ' N'  Easy Chili Recipe - Allrecipes.com,4.5,13,1208
Slow Cooker Bean Casserole AKA Sweet Chili Recipe - Allrecipes.com,4.3,90,8385
Slow Cooker Chicken and Sausage Chili Recipe - Allrecipes.com,4.5,20,3528
Slow Cooker Chicken Taco Soup Recipe - Allrecipes.com,4.7,2699,97192
Slow Cooker Chili Recipe - Allrecipes.com,3.8,37,3217
Slow Cooker Chili II Recipe - Allrecipes.com,4.3,206,28813
Slow Cooker Sweet Chicken Chili Recipe - Allrecipes.com,4.3,32,7644
Slow Cooker Turkey and White Bean Chili Recipe - Allrecipes.com,4.4,3,974
Slow Cooker Turkey Cheeseburger Chili Recipe - Allrecipes.com,4.1,7,561
Slow Cooker Vegetable Chili Recipe - Allrecipes.com,4.3,102,9509
Slow Cooker Venison Chili for the Big Game Recipe - Allrecipes.com,4.6,7,612
Slow-Cooked Chili Recipe - Allrecipes.com,4.5,465,22366
Slow-Cooked Habanero Chili Recipe - Allrecipes.com,4.6,25,1205
Slow-Cooked White Chili Recipe - Allrecipes.com,4.0,62,9506
Smokin' Scovilles Turkey Chili Recipe - Allrecipes.com,4.8,313,7203
Smokin' Texas Chili Recipe - Allrecipes.com,3.8,3,220
Smoky Chipotle Chili Recipe - Allrecipes.com,4.7,11,593
Sour Cream-topped 3-Bean Chili Recipe - Allrecipes.com,4.7,3,142
Southwest White Chicken Chili Recipe - Allrecipes.com,4.5,55,5340
Southwestern Three-Meat Chili Recipe - Allrecipes.com,4.5,6,491
Speedy Chili Mac Recipe - Allrecipes.com,4.0,15,257
Spicy Beanless Chili Recipe - Allrecipes.com,4.2,14,698
Spicy Chili Seasoning Mix Recipe - Allrecipes.com,4.4,7,703
Spicy Jalapeno Chicken Sausage with Mango, Pineapple Salsa Recipe - Allrecipes.com,4.8,6,2697
Spicy Pumpkin Chili Recipe - Allrecipes.com,4.3,21,948
Spicy Turkey Chili Recipe - Allrecipes.com,4.5,37,4190
Steak Chili Recipe - Allrecipes.com,4.3,24,1254
Stove Top Tofu Chili Recipe - Allrecipes.com,3.9,30,1320
Suburban Cowboy Delight Recipe - Allrecipes.com,4.5,13,544
Super Easy Chicken Chili Recipe - Allrecipes.com,4.5,51,1422
Super-Duper Chili Recipe - Allrecipes.com,4.7,25,797
Swanson(R) Black Bean, Corn and Turkey Chili Recipe - Allrecipes.com,4.8,17,926
Sweet Pork Slow Cooker Chili Recipe - Allrecipes.com,4.5,13,1401
Swink's Chili Recipe - Allrecipes.com,4.2,31,3442
Taco Soup I Recipe - Allrecipes.com,4.5,68,2793
Taco Soup II Recipe - Allrecipes.com,4.6,93,3615
Taco Soup III Recipe - Allrecipes.com,4.7,52,2143
Taco Soup IV Recipe - Allrecipes.com,4.5,20,987
Taco Soup V Recipe - Allrecipes.com,4.5,21,1171
Taco Soup VI Recipe - Allrecipes.com,4.7,41,1051
Taco Soup VII Recipe - Allrecipes.com,4.4,6,547
Tangy Chili Recipe - Allrecipes.com,4.6,6,251
Ten Minute Chipotle Spiced Beef and Bean Chili Recipe - Allrecipes.com,4.0,17,843
Tequila Chili Recipe - Allrecipes.com,4.3,5,403
Terrific Turkey Chili Recipe - Allrecipes.com,4.8,316,13935
Texas Cowboy Chili Beans Recipe - Allrecipes.com,3.7,4,385
Texas Deer Chili Recipe - Allrecipes.com,4.2,17,826
Texas New Mexico Chili Recipe - Allrecipes.com,3.2,4,412
The Best Turkey Chili Recipe - Allrecipes.com,4.3,14,1833
The Best Vegetarian Chili in the World Recipe - Allrecipes.com,4.7,633,25728
The Ultimate Chili Recipe - Allrecipes.com,4.6,177,11679
Thirty Minute Chili Recipe - Allrecipes.com,3.9,44,4391
Three Bean Slow Burn Chili Recipe - Allrecipes.com,4.6,51,1891
Three-Bean Chili Recipe - Allrecipes.com,3.8,2,200
Tommy's Chili Recipe - Allrecipes.com,2.6,8,596
Turkey Bean Chili Recipe - Allrecipes.com,4.8,32,1635
Turkey Bean Soup Recipe - Allrecipes.com,4.5,18,736
Two Bean Vegetable Chili Recipe - Allrecipes.com,2.7,3,99
Two-Bean Chili Recipe - Allrecipes.com,4.0,2,110
Unbelievably Easy and Delicious Vegetarian Chili Recipe - Allrecipes.com,4.6,70,2489
Vegan Chili Recipe - Allrecipes.com,4.0,5,622
Vegan Chunky Chili Recipe - Allrecipes.com,4.5,12,1189
Vegan Taco Chili Recipe - Allrecipes.com,4.1,8,541
Vegetarian Black Bean Chili Recipe - Allrecipes.com,4.0,9,1126
Vegetarian Chili Recipe - Allrecipes.com,4.5,34,1399
Vegetarian Chili Recipe - Allrecipes.com,4.6,96,6119
Vegetarian Pumpkin Spinach Chili Recipe - Allrecipes.com,3.8,9,844
Veggie Vegetarian Chili Recipe - Allrecipes.com,4.5,147,4690
Venison Chili Recipe - Allrecipes.com,4.5,53,1527
Venison Tequila Chili Recipe - Allrecipes.com,4.5,15,981
Venison-Bacon White Chili Recipe - Allrecipes.com,4.5,39,906
Wagon Wheel Chili Recipe - Allrecipes.com,4.7,3,126
Waistline-Friendly Turkey Chili Recipe - Allrecipes.com,4.7,54,2389
Washabinaros Chili Recipe - Allrecipes.com,4.7,269,7103
Wazzu Tailgate Chili Recipe - Allrecipes.com,4.9,66,4762
West Texas-Style Buffalo Chili Recipe - Allrecipes.com,4.5,16,686
White Bean Chicken Chili Recipe - Allrecipes.com,4.7,491,18341
White Bean Turkey Chili Recipe - Allrecipes.com,4.5,44,1650
White Chicken Chili Recipe - Allrecipes.com,4.1,9,599
White Chicken Chili Recipe - Allrecipes.com,4.3,2,262
White Chili Recipe - Allrecipes.com,4.5,223,6086
White Chili I Recipe - Allrecipes.com,4.7,51,1509
White Chili I Recipe - Allrecipes.com,4.5,324,12553
White Chili II Recipe - Allrecipes.com,4.7,171,4943
White Chili II Recipe - Allrecipes.com,4.6,81,3057
White Chili III Recipe - Allrecipes.com,4.6,12,1165
White Chili IV Recipe - Allrecipes.com,4.7,37,2428
White Chili with Chicken Recipe - Allrecipes.com,4.3,118,5512
White Chili with Ground Turkey Recipe - Allrecipes.com,4.3,483,12517
White Turkey Chili Recipe - Allrecipes.com,4.7,14,818
Wholesome Bean Chili Recipe - Allrecipes.com,3.3,1,324
Wicked Good Veggie Chili Recipe - Allrecipes.com,4.7,43,1411
Wisconsin Blue Ribbon Chili Recipe - Allrecipes.com,4.0,1,466
You Ain't Nothin' But  A Hound Dogs Recipe - Allrecipes.com,3.6,9,529
Zippy Three-Bean Chili Recipe - Allrecipes.com,4.7,3,134
Zippy Vegetable Chili Recipe - Allrecipes.com,4.0,2,96
Flying Monkey Chili Recipe :   : Food Network,5.0,1,0
Three-Alarm Italian Style Chili Mac Recipe : Rachael Ray : Food Network,4.0,52,0
Pat's Famous Beef and Pork Chili Recipe : Patrick and Gina Neely : Food Network,5.0,237,0
Cowboy Chili and Baked Bean Pot Recipe : Rachael Ray : Food Network,4.0,2,0
Nacho Topped Chili Pot Recipe : Rachael Ray : Food Network,4.0,1,0
Chili in a Biscuit Bowl Recipe : Paula Deen : Food Network,5.0,87,0
Chicken Chili Recipe : Ina Garten : Food Network,5.0,347,0
Chicken Chili Corn Chip Pie Recipe :   : Food Network,4.0,1,0
Cornmeal Waffles with Spicy Chili Recipe : Paula Deen : Food Network,5.0,34,0
White Bean and Chicken Chili Recipe : Giada De Laurentiis : Food Network,5.0,224,0
Chili Fries Recipe : Sandra Lee : Food Network,3.0,31,0
Peanut Butter Chili Recipe : Robert Irvine : Food Network,4.0,3,0
Argentine Chili With Chimichurri Recipe : Rachael Ray : Food Network,5.0,1,0
Jamie's Chili Recipe :   : Food Network,5.0,253,0
Green Pork Chili Recipe : Robert Irvine : Food Network,5.0,2,0
Roger's Wife Cheryl's Simple Chili Recipe Recipe :   : Food Network,4.0,8,0
Weird Spaghetti Recipe : Guy Fieri : Food Network,3.0,26,0
The General Store Chili Recipe :   : Food Network,5.0,4,0
Mole Chili Recipe : Rachael Ray : Food Network,3.0,27,0
Devon's Award-Winning Chili Recipe :   : Food Network,4.0,78,0
Vegetable Rolls with Chili Mayonnaise Recipe : Giada De Laurentiis : Food Network,4.0,16,0
Chunky Chicken and Chorizo Chili Recipe : Rachael Ray : Food Network,5.0,70,0
Zucchini Chili Recipe : Rachael Ray : Food Network,-1.0,0,0
Morrocan Chili and 10,000 Grains of Sand Recipe : Rachael Ray : Food Network,5.0,53,0
Cin Chili Recipe :   : Food Network,3.0,30,0
Green Pork Chili Recipe : Bobby Flay : Food Network,4.0,56,0
Cin Chili Puffs Recipe :   : Food Network,4.0,3,0
Game Day Chili Recipe : Melissa  d'Arabian : Food Network,5.0,22,0
Pork Chili Verde Recipe :   : Food Network,4.0,23,0
Lamb and Black Bean Chili with Cumin Crema, Red Onion Relish, Avocado Relish and Native American Fry Bread Recipe : Bobby Flay : Food Network,4.0,28,0
Interstate Chili Recipe : Sunny Anderson : Food Network,4.0,56,0
Red Beef Chili Recipe : Bobby Flay : Food Network,5.0,46,0
No Bean Beef Chili Recipe : Sandra Lee : Food Network,5.0,3,0
Colorado Chili Recipe : Sandra Lee : Food Network,5.0,14,0
Beef and Black Bean Chili with Toasted Cumin Crema and Avocado Relish Recipe : Bobby Flay : Food Network,4.0,68,0
5 Bean Chili Recipe : Sandra Lee : Food Network,4.0,126,0
Chili Topped Cornbread Bites Recipe : Sandra Lee : Food Network,4.0,12,0
Gordy's Fresh Homemade Chili Recipe :   : Food Network,5.0,1,0
Lightning Chili and Rice Recipe : Robert Irvine : Food Network,5.0,11,0
White Chicken Chili Recipe : Patrick and Gina Neely : Food Network,5.0,45,0
Southside Chili Recipe :   : Food Network,4.0,18,0
Three Bean Burnt End Chili Recipe :   : Food Network,-1.0,0,0
Chili Recipe :   : Food Network,3.0,9,0
Meaty, Meat-less Chili Recipe : Rachael Ray : Food Network,5.0,4,0
Taco Chili with Mix Recipe : Paula Deen : Food Network,4.0,71,0
Triple Threat Chili Recipe :   : Food Network,4.0,7,0
Anita's Slow Cooked Chili in Cheddar Bowls Recipe : Robin Miller : Food Network,3.0,27,0
Chili Verde Recipe :   : Food Network,5.0,18,0
Fa-Guy-Ta Chili Recipe : Guy Fieri : Food Network,5.0,8,0
Santa Fe Hot and Spicy Chili Recipe : Robert Irvine : Food Network,3.0,4,0
Sauteed Escarole with Shallots and Hot Chili Oil Recipe : Robin Miller : Food Network,2.0,1,0
Vegetarian Chili Recipe : Robin Miller : Food Network,4.0,65,0
Quick-Fix Chicken Chili Mole Recipe : Robin Miller : Food Network,3.0,26,0
Brooklyn Chili Burgers with Smoky Barbecue Sauce with Oil and Vinegar Slaw Recipe : Rachael Ray : Food Network,4.0,9,0
Dragon's Breath Chili Recipe : Guy Fieri : Food Network,5.0,215,0
Beef Chili Recipe : Tyler Florence : Food Network,4.0,61,0
Chili Verde Pork Recipe :   : Food Network,4.0,50,0
Olive and Chili Sauce Recipe :   : Food Network,-1.0,0,0
Round 2 Recipe - Southwest Beef and Black Bean Chili Recipe : Sandra Lee : Food Network,5.0,10,0
Chili Dogs Recipe : Tyler Florence : Food Network,4.0,85,0
Chiarello Chicken and White Bean Chili With Veggies Recipe : Michael Chiarello : Food Network,4.0,19,0
Kickin' Chili Recipe : Emeril Lagasse : Food Network,4.0,35,0
Southwest Chili Burgers with Avocado Crema and Lime-Marinated Slaw Recipe :   : Food Network,4.0,8,0
Tempeh Chile Recipe : Michael Symon : Food Network,-1.0,0,0
Pan-Roasted Trout Bruschetta with Chili Vinaigrette Recipe : Michael Chiarello : Food Network,5.0,2,0
Pressure Cooker Chili Recipe : Alton Brown : Food Network,5.0,172,0
Uptown Down-Home Chili Recipe : Rachael Ray : Food Network,5.0,153,0
Green Duck Chili Recipe :   : Food Network,5.0,9,0
All Day Pork Loin Chili Recipe :   : Food Network,5.0,91,0
Chili Dog Nachos Recipe : Rachael Ray : Food Network,4.0,119,0
Micheladas Marias Recipe : Ingrid Hoffmann : Food Network,-1.0,0,0
Brisket Chile Recipe : Michael Symon : Food Network,-1.0,0,0
Five Alarm Chili in the Biscuit Bowl Recipe : Paula Deen : Food Network,4.0,19,0
5 Bean Chili Recipe : Emeril Lagasse : Food Network,5.0,26,0
Turkey and White Bean Chili Recipe : Emeril Lagasse : Food Network,5.0,66,0
Bronco Bob's Chili Recipe :   : Food Network,4.0,19,0
Cornbread Topped Chili Con Carne Recipe :   : Food Network,4.0,54,0
Chunky Chicken Chili Recipe : Aaron McCargo, Jr. : Food Network,5.0,141,0
Alf's Colorado Red Recipe :   : Food Network,4.0,2,0
No Recipe Recipe: Smoky Veggie Chili Recipe : Aida Mollenkamp : Food Network,-1.0,0,0
Chili-Beans Recipe : Emeril Lagasse : Food Network,5.0,4,0
Emeril's Two-Bean Turkey Chili Recipe : Emeril Lagasse : Food Network,5.0,19,0
Emeril's Chuck Wagon Chili Recipe : Emeril Lagasse : Food Network,5.0,20,0
Swick and Swick Chili Recipe :   : Food Network,5.0,4,0
Spanish Influenced Chili with Collard Wrapped Pork, Chorizo and Sweet and Smoky Paprikas Recipe :   : Food Network,4.0,3,0
Sharsh's White Bean Chicken Chili Recipe :   : Food Network,5.0,17,0
Tex-Mex-style Venison Chili Recipe : Emeril Lagasse : Food Network,5.0,23,0
5-Bean Chili Recipe : Emeril Lagasse : Food Network,5.0,17,0
Chiarello Chocolate Chili Con Carne Recipe : Michael Chiarello : Food Network,4.0,56,0
Cowboy Chili Recipe :   : Food Network,3.0,5,0
Mexitana Ancho-Lamb Chili Recipe :   : Food Network,-1.0,0,0
Three Bean and Beef Chili Recipe : Ellie Krieger : Food Network,5.0,218,0
Caution Flag Chili with Flat Tire Toppers Recipe : Rachael Ray : Food Network,4.0,58,0
White Chili Recipe : Ellie Krieger : Food Network,5.0,88,0
Foot Long Chili Dogs with the Works Recipe : Emeril Lagasse : Food Network,5.0,5,0
Ultimate Veggie Chili Recipe :   : Food Network,5.0,4,0
Kickin Chili Recipe : Emeril Lagasse : Food Network,4.0,52,0
Major Cojone's Chili Recipe :   : Food Network,5.0,45,0
Green Chili Pot Pie Recipe :   : Food Network,5.0,2,0
Sausage Chili Recipe : Emeril Lagasse : Food Network,5.0,21,0
Emeril's Chili Recipe : Emeril Lagasse : Food Network,5.0,75,0
South of the Border Veggie Chili with Fixins Recipe : Emeril Lagasse : Food Network,5.0,13,0
Chicken Green Chili Recipe : Tyler Florence : Food Network,4.0,44,0
The T2: Turkey Chili-Topped Turkey Chili Burgers with Red Pepper Slaw and Funky Fries Recipe : Rachael Ray : Food Network,4.0,64,0
Halloumi with Chili Recipe : Nigella Lawson : Food Network,5.0,2,0
Chili-Filled Corn Pancake Cones Recipe : Emeril Lagasse : Food Network,5.0,5,0
White Chicken Chili with Cheddar Hushpuppy Crust Recipe :   : Food Network,5.0,33,0
Chili Con Carne Recipe : Food Network Kitchens : Food Network,5.0,65,0
White-Bean Chili Recipe : Paula Deen : Food Network,5.0,29,0
Knife-and-Fork Chili Turkey Burgers Recipe :   : Food Network,5.0,93,0
Corn and Goat Cheese Chili con Queso with Sourdough Cornbread Recipe : Emeril Lagasse : Food Network,4.0,3,0
White Bean Chili Recipe : Paula Deen : Food Network,5.0,202,0
Chili Rolls Recipe : Sandra Lee : Food Network,3.0,24,0
Venison Chili Recipe : Emeril Lagasse : Food Network,5.0,16,0
Chili Oil or Dried Mushroom Oil Recipe :   : Food Network,-1.0,0,0
Edna Jones's  Meat and Bean Chili Recipe :   : Food Network,4.0,10,0
Slow Cooked Chili Duck Breast with Honey Glazed Taro Root Recipe : Ming Tsai : Food Network,-1.0,0,0
Coney Island Chili Dogs Recipe : Sandra Lee : Food Network,3.0,54,0
Scallop Dumplings with Asian Slaw and Chili Butter Sauce Recipe : Emeril Lagasse : Food Network,5.0,1,0
Spicy Beef Chili Recipe :   : Food Network,5.0,30,0
Swick and Swick Chili Recipe :   : Food Network,3.0,2,0
Christina's Chili Bites Recipe :   : Food Network,-1.0,0,0
Cheese Grits Recipe :   : Food Network,-1.0,0,0
Chili Marinated Double-Cut Pork Chops Recipe : Emeril Lagasse : Food Network,4.0,5,0
Emeril's Vegetarian Microwave Black Bean Chili Recipe : Emeril Lagasse : Food Network,3.0,8,0
Tom Hayes Chili with Chocolate Recipe :   : Food Network,4.0,3,0
Cattle Drive Chili Recipe :   : Food Network,-1.0,0,0
Turkey and Hot Sausage Chili Recipe : Emeril Lagasse : Food Network,5.0,44,0
Grilled Anchovies (or Sardines) with Christmas Limas, Mint and Chili Oil Recipe : Mario Batali : Food Network,-1.0,0,0
Corn and Bean Salad with Curtis' Chili Dressing Recipe :   : Food Network,-1.0,0,0
Fried Chili Chicken Recipe :   : Food Network,-1.0,0,0
Southwestern Chili Con Carne Recipe :   : Food Network,5.0,57,0
Chili and Sage-Rubbed Salmon Recipe :   : Food Network,-1.0,0,0
Coyote's Pickle Chili Recipe :   : Food Network,-1.0,0,0
Seafood Chili Recipe :   : Food Network,4.0,5,0
Texas Style Chili Recipe :   : Food Network,5.0,32,0
Keith's White Chicken Chili Recipe :   : Food Network,5.0,40,0
Chili Marinated Double-Cut Pork Chops Recipe : Emeril Lagasse : Food Network,-1.0,0,0
BBQ Beans Recipe :   : Food Network,4.0,8,0
Turkey Chipotle Chili with Pepper Jack Cheese Corn Cake Toppers Recipe : Rachael Ray : Food Network,4.0,150,0
Corn and Bean Salad with Curtis' Chili Dressing Recipe :   : Food Network,-1.0,0,0
Grilled Clams with Smoked Chili-Cachucha Mojo and Bacon Recipe :   : Food Network,-1.0,0,0
Chili Rubbed Salmon with Citrus Salsa - Slimmed Recipe : Food Network Kitchens : Food Network,-1.0,0,0
Emeril's Chili Over Crispy Potatoes and Crumbled Blue Cheese Recipe :   : Food Network,5.0,5,0
Southwestern Turkey Chili and Cornbread Recipe : Sandra Lee : Food Network,3.0,60,0
Janette's Chili Lite-Bites Recipe :   : Food Network,5.0,1,0
Tyler's Texas Chili Recipe : Tyler Florence : Food Network,4.0,75,0
Aaron McCargo, Jr.'s Steak Fajita Chili Recipe : Aaron McCargo, Jr. : Food Network,4.0,29,0
Red Chili Recipe :   : Food Network,-1.0,0,0
Turkey Corn Chili Recipe : Rachael Ray : Food Network,5.0,72,0
Lapsang Souchong Garlic Chili Oil Glazed Salmon Recipe :   : Food Network,-1.0,0,0
Chili Cheese Dogs Recipe : Tyler Florence : Food Network,4.0,33,0
Matt Hasselbeck's Comeback Chicken Chili Recipe :   : Food Network,-1.0,0,0
Ryder's Turkey Chili Recipe : Guy Fieri : Food Network,5.0,19,0
Beef Chili with Red Beans and Chocolate Recipe : Tyler Florence : Food Network,4.0,36,0
Tchoup Chop Crunchy Shrimp in Lettuce Cups with Hot and Sour Chili Sauce Recipe : Emeril Lagasse : Food Network,-1.0,0,0
Wholesome Bean Chili Recipe :   : Food Network,-1.0,0,0
Touchdown Chili Recipe :   : Food Network,4.0,13,0
Chicken Sauce and Judd's Chili Recipe :   : Food Network,5.0,2,0
Thai Green Papaya Salad (Som Tum) with Grilled Thai shrimp Recipe : Jeff Corwin : Food Network,3.0,1,0
Seared Oysters Braised Leeks and Chili Recipe :   : Food Network,-1.0,0,0
Indian Summer Turkey Chili Recipe : Rachael Ray : Food Network,5.0,186,0
Real Texas Chili Recipe :   : Food Network,3.0,13,0
Incorrect Steak with Dixon Red Chili Sauce Recipe :   : Food Network,4.0,1,0
Swick and Swick World Championship Chili Recipe :   : Food Network,5.0,12,0
Double Chili-Cheeseburger with Grilled Onions Recipe : Emeril Lagasse : Food Network,5.0,3,0
Chicken Chili with Cornbread Topping and Chipotle Crema Recipe : Emeril Lagasse : Food Network,5.0,36,0
Chili con Carne and Chili con Queso with Tortilla Chips Recipe : Emeril Lagasse : Food Network,5.0,63,0
Beef Rib Chili Recipe :   : Food Network,4.0,5,0
Chili-Corn Casserole Recipe : Food Network Kitchens : Food Network,5.0,3,0
Chunky Chili Recipe : Sandra Lee : Food Network,4.0,46,0
Shotgun Willie Chili Recipe :   : Food Network,5.0,6,0
Rajma (Vegetarian Chili) Recipe :   : Food Network,5.0,8,0
Turkey Chili Recipe :   : Food Network,5.0,73,0
Chickpeas with Chili, Garlic and Thyme Recipe : Nigella Lawson : Food Network,5.0,3,0
Vegetarian Chili Recipe : Emeril Lagasse : Food Network,5.0,168,0
Slow Cooker Chicken Chili Recipe : Food Network Kitchens : Food Network,4.0,91,0
Warm Broccoli and Tofu Salad with Grilled Chinese Sausage and Chili Miso Vinaigrette Recipe :   : Food Network,4.0,1,0
Chili Rubbed Chicken Recipe :   : Food Network,1.0,1,0
Roasted Red Pepper-Tomato Pizza with Goat Cheese, Basil and Red Chili Oil Recipe : Bobby Flay : Food Network,5.0,1,0
Cheddar and Chive Bread Recipe : Rachael Ray : Food Network,4.0,12,0
Ahi Salad with Macadamia Nuts and Cilantro Chili Oil Recipe :   : Food Network,4.0,1,0
Pork Chili Verde Recipe :   : Food Network,5.0,28,0
Cincinnati Chili Recipe :   : Food Network,3.0,21,0
Big Rod's Dark and Smokey Chocolate Chili Recipe :   : Food Network,4.0,3,0
Gambas al Pil-Pil (Sizzling Hot Chili Shrimp) Recipe :   : Food Network,5.0,1,0
Up North Chili Recipe :   : Food Network,5.0,3,0
Mexican Pork Chili Recipe : Tyler Florence : Food Network,4.0,47,0
Beef and Black Bean Chili with Green Onion Corn Cakes Recipe : Rachael Ray : Food Network,5.0,93,0
Mexican Style Tempura with a Chili Chocolate Sauce Recipe :   : Food Network,5.0,1,0
Six-Pack Chili Recipe :   : Food Network,5.0,41,0
Green Chile Stew Recipe :   : Food Network,5.0,5,0
Shrimp with Garlic and Chili Pepper Recipe : Nigella Lawson : Food Network,5.0,3,0
White Chili Surprise Recipe :   : Food Network,5.0,41,0
Fried Chili Chicken Recipe :   : Food Network,-1.0,0,0
Mexican Black Bean Chili Recipe :   : Food Network,4.0,3,0
Corn and Bean Salad with Curtis' Chili Dressing Recipe :   : Food Network,4.0,2,0
Lamb and Black Bean Chili with Assorted Salsas and Blue Corn Muffins Recipe : Bobby Flay : Food Network,5.0,3,0
Bison Chili Recipe :   : Food Network,3.0,3,0
Easy Cheesy Chili Chicken Recipe :   : Food Network,5.0,128,0
Harry's Chili Recipe :   : Food Network,4.0,5,0
Venison Chili Recipe : Bobby Flay : Food Network,4.0,7,0
Mango Sorbet with Lime and Chili Recipe :   : Food Network,4.0,5,0
Chile Verde Recipe :   : Food Network,4.0,6,0
Bean-and-Beef Chili Recipe : Food Network Kitchens : Food Network,4.0,7,0
Chili Lime Avocados Recipe : Rachael Ray : Food Network,4.0,11,0
Mexican Style Tempura with a Chili Chocolate Sauce Recipe :   : Food Network,-1.0,0,0
Southwestern Chili Recipe :   : Food Network,4.0,12,0
Vegetarian Chili with Black Beans and Peppers Sweet and Hot Recipe :   : Food Network,4.0,4,0
Jerry Simmons' Chili Verde Recipe :   : Food Network,5.0,2,0
Devilish Chili-Cheese Dogs Recipe : Rachael Ray : Food Network,4.0,94,0
Turkey Chili Recipe :   : Food Network,5.0,12,0
Roasted Red Pepper-Tomato Pizza with Goat Cheese, Basil and Red Chili Oil Recipe : Bobby Flay : Food Network,3.0,2,0
El Cid Chili Recipe :   : Food Network,5.0,26,0
Native American Firewater Chili Recipe :   : Food Network,5.0,5,0
Smoked Mushroom and Shrimp Quesadilla with Adobo Chili Salsa Recipe : Emeril Lagasse : Food Network,4.0,1,0
Mozzarella and Chili Salad Recipe : Jamie Oliver : Food Network,-1.0,0,0
Chili on Rice Recipe :   : Food Network,5.0,5,0
Vegetarian Chili Recipe :   : Food Network,5.0,28,0
Raspberry Chili Sorbet Recipe :   : Food Network,-1.0,0,0
Chili Prawns Recipe :   : Food Network,-1.0,0,0
30-Minute Turkey Chili Recipe : Food Network Kitchens : Food Network,4.0,147,0
Tomato Chili Sauce Recipe : Emeril Lagasse : Food Network,4.0,2,0
Chili Verde Recipe :   : Food Network,5.0,16,0
White Chicken Chili Stew Recipe : Food Network Kitchens : Food Network,4.0,12,0
Chili-Rubbed Leg of Lamb Roast Recipe : Emeril Lagasse : Food Network,-1.0,0,0
Chile con Carne Recipe :   : Food Network,4.0,2,0
Veg-Head Three-Bean Chili Recipe : Rachael Ray : Food Network,5.0,136,0
Venison and Black Bean Chili with Toasted Cumin Creme Fraiche and White Cheddar Cornbread Recipe : Bobby Flay : Food Network,5.0,15,0
Pork-and-Pumpkin Chili Recipe : Food Network Kitchens : Food Network,5.0,46,0
Rattlesnake Chili Recipe :   : Food Network,5.0,1,0
Hearty Sirloin Chili Recipe :   : Food Network,4.0,9,0
Red Meat Chili: Carne Chili Colorado Recipe :   : Food Network,4.0,6,0
Gold Miner's Chili Recipe :   : Food Network,3.0,2,0
Layered Black Bean Chili Dip Recipe : Emeril Lagasse : Food Network,4.0,1,0
Ignorance Is Bliss Chili Recipe :   : Food Network,4.0,3,0
Duck Breast with a Serrano Chili Raspberry- Blackberry Marsala Sauce over a Scallion Crepe Recipe :   : Food Network,-1.0,0,0
Crab and Brie Quesadilla with Chili-Apple Glaze Recipe : Emeril Lagasse : Food Network,3.0,5,0
Sunny's Game Day Chili Recipe : Sunny Anderson : Food Network,5.0,5,0
Habanero Chile Chili Recipe :   : Food Network,5.0,4,0
Scott's Mountain-Thunder Football Chili Recipe :   : Food Network,4.0,9,0
Home Recipe for Waffle House Chili Recipe :   : Food Network,5.0,4,0
Beef Chili Recipe : Food Network Kitchens : Food Network,4.0,4,0
Citrus and Ancho Chili Ketchup Recipe :   : Food Network,-1.0,0,0
Melissa d'Arabian's White Chili with Quick-Roasted Garlic Recipe : Melissa  d'Arabian : Food Network,4.0,48,0
Yucatan Pork Chile Recipe : Joey Altman : Food Network,5.0,1,0
Seafood Chili Recipe :   : Food Network,5.0,1,0
Venison Chile con Carne Recipe : Bobby Flay : Food Network,4.0,4,0
Double-Yummy Chili Stuffed Baked Potatoes Recipe : Food Network Kitchens : Food Network,4.0,3,0
Banana Sundae with Chili Pepper Marshmallows Recipe :   : Food Network,-1.0,0,0
Vegetarian Chili Masa Cake Stacks Recipe : Emeril Lagasse : Food Network,5.0,10,0
Tyler's Texas Chili Recipe : Tyler Florence : Food Network,4.0,15,0
Vegetable Chili Wraps Recipe :   : Food Network,5.0,2,0
Grilled Chili-Rubbed Rib-eyes with Herb Cheese and Asparagus Bundles Recipe :   : Food Network,5.0,4,0
Emeril's Chili Recipe : Emeril Lagasse : Food Network,5.0,41,0
Chili Powder Blend Recipe :   : Food Network,-1.0,0,0
Kickin' Skillet Chili Recipe :   : Food Network,5.0,1,0
Slow-Cooker Texas Chili Recipe : Food Network Kitchens : Food Network,3.0,20,0
Chili con Carne Recipe : Food Network Kitchens : Food Network,5.0,10,0
Rice Pudding with Green Tea Apple Sorbet and Chili Pineapple Recipe :   : Food Network,-1.0,0,0
Johnny O Chili Recipe :   : Food Network,4.0,1,0
Smashed Dogs Recipe : Paula Deen : Food Network,5.0,8,0
Portuguese Fried Chicken with a Chili Mustard Sauce Recipe : Emeril Lagasse : Food Network,3.0,2,0
